Date,Athlete,Place,Prize Money
03/01/2026,Diego Silva,Gold,9899
03/01/2026,Aisha Khan,Gold,14129
03/01/2026,Mateo García,Not Placed,0
03/01/2026,Fatima Al-Mansouri,Silver,6900
03/01/2026,Chen Wei,Silver,7568
03/01/2026,Kwame Mensah,Gold,8673
03/01/2026,Emily Connor,Gold,13480
03/01/2026,Sofia Rossi,Bronze,1168
03/01/2026,Lars Johansson,Bronze,972
03/01/2026,Hiroshi Tanaka,Not Placed,0
04/01/2026,Hiroshi Tanaka,Top 10,389
04/01/2026,Chen Wei,Top 10,206
04/01/2026,Emily Connor,Silver,1924
04/01/2026,Sofia Rossi,Gold,12152
04/01/2026,Lars Johansson,Not Placed,0
04/01/2026,Fatima Al-Mansouri,Not Placed,0
04/01/2026,Mateo García,Gold,6482
04/01/2026,Diego Silva,Not Placed,0
04/01/2026,Kwame Mensah,Bronze,987
04/01/2026,Aisha Khan,Bronze,2597
10/01/2026,Lars Johansson,Bronze,2213
10/01/2026,Emily Connor,Not Placed,0
10/01/2026,Diego Silva,Top 10,107
10/01/2026,Aisha Khan,Bronze,2531
10/01/2026,Sofia Rossi,Not Placed,0
10/01/2026,Chen Wei,Not Placed,0
10/01/2026,Kwame Mensah,Gold,13209
10/01/2026,Mateo García,Silver,5944
10/01/2026,Hiroshi Tanaka,Bronze,1181
11/01/2026,Lars Johansson,Silver,2457
11/01/2026,Diego Silva,Top 10,284
11/01/2026,Kwame Mensah,Silver,6597
11/01/2026,Chen Wei,Not Placed,0
11/01/2026,Hiroshi Tanaka,Bronze,2471
11/01/2026,Sofia Rossi,Silver,7985
11/01/2026,Aisha Khan,Bronze,1314
17/01/2026,Hiroshi Tanaka,Top 10,148
17/01/2026,Mateo García,Not Placed,0
17/01/2026,Lars Johansson,Gold,8837
17/01/2026,Aisha Khan,Silver,3368
17/01/2026,Fatima Al-Mansouri,Bronze,1971
17/01/2026,Sofia Rossi,Top 10,282
17/01/2026,Emily Connor,Gold,10334
17/01/2026,Chen Wei,Silver,4655
18/01/2026,Aisha Khan,Top 10,351
18/01/2026,Fatima Al-Mansouri,Top 10,380
18/01/2026,Hiroshi Tanaka,Silver,6322
18/01/2026,Mateo García,Not Placed,0
18/01/2026,Chen Wei,Top 10,224
18/01/2026,Emily Connor,Not Placed,0
18/01/2026,Lars Johansson,Top 10,485
18/01/2026,Kwame Mensah,Top 10,204
24/01/2026,Aisha Khan,Gold,10525
24/01/2026,Diego Silva,Silver,7854
24/01/2026,Sofia Rossi,Top 10,360
24/01/2026,Mateo García,Not Placed,0
24/01/2026,Chen Wei,Silver,5646
24/01/2026,Hiroshi Tanaka,Silver,3737
24/01/2026,Kwame Mensah,Silver,4409
25/01/2026,Diego Silva,Not Placed,0
25/01/2026,Lars Johansson,Silver,7998
25/01/2026,Emily Connor,Gold,14537
25/01/2026,Kwame Mensah,Top 10,470
25/01/2026,Chen Wei,Not Placed,0
31/01/2026,Hiroshi Tanaka,Top 10,442
31/01/2026,Mateo García,Gold,8498
31/01/2026,Emily Connor,Top 10,216
31/01/2026,Lars Johansson,Silver,7461
01/02/2026,Hiroshi Tanaka,Gold,6742
01/02/2026,Sofia Rossi,Gold,13964
01/02/2026,Lars Johansson,Top 10,345
01/02/2026,Kwame Mensah,Top 10,277
01/02/2026,Mateo García,Not Placed,0
01/02/2026,Aisha Khan,Gold,10870
07/02/2026,Mateo García,Silver,7230
07/02/2026,Lars Johansson,Not Placed,0
07/02/2026,Sofia Rossi,Not Placed,0
07/02/2026,Kwame Mensah,Silver,6998
07/02/2026,Emily Connor,Silver,5200
07/02/2026,Aisha Khan,Silver,7433
07/02/2026,Diego Silva,Gold,7305
07/02/2026,Chen Wei,Gold,9897
07/02/2026,Fatima Al-Mansouri,Top 10,421
07/02/2026,Hiroshi Tanaka,Bronze,1459
08/02/2026,Kwame Mensah,Bronze,1759
08/02/2026,Hiroshi Tanaka,Top 10,455
08/02/2026,Lars Johansson,Not Placed,0
14/02/2026,Fatima Al-Mansouri,Top 10,409
14/02/2026,Mateo García,Not Placed,0
14/02/2026,Diego Silva,Gold,14656
14/02/2026,Emily Connor,Silver,7283
14/02/2026,Chen Wei,Not Placed,0
14/02/2026,Aisha Khan,Top 10,228
14/02/2026,Sofia Rossi,Top 10,201
15/02/2026,Sofia Rossi,Silver,4964
15/02/2026,Emily Connor,Top 10,479
15/02/2026,Chen Wei,Silver,7032
21/02/2026,Lars Johansson,Silver,2967
21/02/2026,Hiroshi Tanaka,Not Placed,0
21/02/2026,Fatima Al-Mansouri,Bronze,2795
21/02/2026,Emily Connor,Silver,4289
21/02/2026,Kwame Mensah,Bronze,1839
21/02/2026,Aisha Khan,Bronze,1400
21/02/2026,Sofia Rossi,Gold,7594
21/02/2026,Mateo García,Silver,2032
21/02/2026,Diego Silva,Silver,5748
22/02/2026,Chen Wei,Gold,9998
22/02/2026,Sofia Rossi,Gold,14810
22/02/2026,Emily Connor,Bronze,2954
22/02/2026,Mateo García,Not Placed,0
22/02/2026,Hiroshi Tanaka,Not Placed,0
22/02/2026,Fatima Al-Mansouri,Not Placed,0
22/02/2026,Diego Silva,Top 10,325
28/02/2026,Aisha Khan,Top 10,238
28/02/2026,Mateo García,Bronze,2533
28/02/2026,Kwame Mensah,Not Placed,0
28/02/2026,Emily Connor,Silver,7439
28/02/2026,Chen Wei,Gold,13245
28/02/2026,Lars Johansson,Top 10,140
28/02/2026,Hiroshi Tanaka,Top 10,348
28/02/2026,Sofia Rossi,Top 10,449
28/02/2026,Diego Silva,Silver,3463
28/02/2026,Fatima Al-Mansouri,Gold,8475
01/03/2026,Emily Connor,Silver,6715
01/03/2026,Chen Wei,Bronze,1906
01/03/2026,Kwame Mensah,Not Placed,0
01/03/2026,Hiroshi Tanaka,Silver,3445
01/03/2026,Lars Johansson,Bronze,810
07/03/2026,Kwame Mensah,Top 10,175
07/03/2026,Aisha Khan,Top 10,375
07/03/2026,Chen Wei,Top 10,181
07/03/2026,Mateo García,Silver,5932
07/03/2026,Sofia Rossi,Not Placed,0
07/03/2026,Fatima Al-Mansouri,Gold,6822
08/03/2026,Sofia Rossi,Top 10,256
08/03/2026,Fatima Al-Mansouri,Gold,12680
08/03/2026,Hiroshi Tanaka,Silver,6670
08/03/2026,Kwame Mensah,Bronze,2842
08/03/2026,Diego Silva,Top 10,189
08/03/2026,Chen Wei,Gold,8437
08/03/2026,Mateo García,Not Placed,0
08/03/2026,Lars Johansson,Silver,2544
08/03/2026,Aisha Khan,Silver,3107
14/03/2026,Lars Johansson,Gold,12669
14/03/2026,Diego Silva,Silver,6999
14/03/2026,Hiroshi Tanaka,Silver,5360
14/03/2026,Emily Connor,Top 10,430
14/03/2026,Aisha Khan,Top 10,162
14/03/2026,Fatima Al-Mansouri,Bronze,2742
14/03/2026,Chen Wei,Not Placed,0
14/03/2026,Sofia Rossi,Top 10,484
15/03/2026,Chen Wei,Bronze,2280
15/03/2026,Kwame Mensah,Top 10,437
15/03/2026,Emily Connor,Silver,1640
15/03/2026,Sofia Rossi,Not Placed,0
15/03/2026,Diego Silva,Silver,1616
15/03/2026,Aisha Khan,Silver,5929
21/03/2026,Chen Wei,Silver,5473
21/03/2026,Lars Johansson,Not Placed,0
21/03/2026,Sofia Rossi,Bronze,1824
21/03/2026,Hiroshi Tanaka,Bronze,2719
21/03/2026,Aisha Khan,Silver,4202
21/03/2026,Mateo García,Top 10,279
21/03/2026,Emily Connor,Not Placed,0
21/03/2026,Diego Silva,Not Placed,0
22/03/2026,Fatima Al-Mansouri,Not Placed,0
22/03/2026,Mateo García,Not Placed,0
22/03/2026,Chen Wei,Top 10,465
22/03/2026,Hiroshi Tanaka,Not Placed,0
22/03/2026,Sofia Rossi,Gold,11953
22/03/2026,Emily Connor,Bronze,2835
22/03/2026,Lars Johansson,Not Placed,0
22/03/2026,Aisha Khan,Bronze,2420
22/03/2026,Diego Silva,Not Placed,0
22/03/2026,Kwame Mensah,Bronze,2977
28/03/2026,Diego Silva,Not Placed,0
28/03/2026,Emily Connor,Top 10,316
28/03/2026,Chen Wei,Bronze,2790
29/03/2026,Kwame Mensah,Silver,7019
29/03/2026,Aisha Khan,Not Placed,0
29/03/2026,Mateo García,Silver,4496
29/03/2026,Chen Wei,Not Placed,0
29/03/2026,Fatima Al-Mansouri,Silver,4605
04/04/2026,Sofia Rossi,Bronze,2788
04/04/2026,Hiroshi Tanaka,Gold,7121
04/04/2026,Diego Silva,Silver,3657
04/04/2026,Fatima Al-Mansouri,Bronze,1549
05/04/2026,Mateo García,Not Placed,0
05/04/2026,Fatima Al-Mansouri,Bronze,1249
05/04/2026,Lars Johansson,Not Placed,0
05/04/2026,Diego Silva,Gold,11403
05/04/2026,Aisha Khan,Gold,14596
05/04/2026,Chen Wei,Not Placed,0
05/04/2026,Hiroshi Tanaka,Not Placed,0
05/04/2026,Emily Connor,Top 10,474
05/04/2026,Kwame Mensah,Top 10,354
11/04/2026,Aisha Khan,Bronze,2617
11/04/2026,Chen Wei,Not Placed,0
11/04/2026,Sofia Rossi,Bronze,2658
11/04/2026,Diego Silva,Silver,6376
12/04/2026,Sofia Rossi,Top 10,140
12/04/2026,Chen Wei,Top 10,222
12/04/2026,Emily Connor,Gold,11276
12/04/2026,Aisha Khan,Silver,1845
12/04/2026,Mateo García,Silver,5139
12/04/2026,Hiroshi Tanaka,Gold,11958
12/04/2026,Kwame Mensah,Bronze,2603
12/04/2026,Fatima Al-Mansouri,Top 10,251
18/04/2026,Emily Connor,Silver,6357
18/04/2026,Kwame Mensah,Silver,3620
18/04/2026,Aisha Khan,Top 10,150
18/04/2026,Lars Johansson,Silver,7290
18/04/2026,Chen Wei,Silver,5617
18/04/2026,Fatima Al-Mansouri,Gold,5251
18/04/2026,Mateo García,Not Placed,0
18/04/2026,Diego Silva,Bronze,1087
19/04/2026,Emily Connor,Bronze,2339
19/04/2026,Aisha Khan,Not Placed,0
19/04/2026,Mateo García,Not Placed,0
19/04/2026,Lars Johansson,Top 10,198
19/04/2026,Hiroshi Tanaka,Not Placed,0
19/04/2026,Kwame Mensah,Gold,7624
19/04/2026,Diego Silva,Not Placed,0
19/04/2026,Fatima Al-Mansouri,Silver,4022
25/04/2026,Emily Connor,Bronze,1221
25/04/2026,Kwame Mensah,Silver,4876
25/04/2026,Lars Johansson,Not Placed,0
25/04/2026,Sofia Rossi,Not Placed,0
25/04/2026,Chen Wei,Top 10,452
26/04/2026,Hiroshi Tanaka,Top 10,154
26/04/2026,Sofia Rossi,Not Placed,0
26/04/2026,Mateo García,Silver,5217
26/04/2026,Aisha Khan,Top 10,330
26/04/2026,Lars Johansson,Silver,6404
26/04/2026,Fatima Al-Mansouri,Not Placed,0
